1,Noëlla,Orchart,Portugal,54 Veith Parkway,rorchart0@huffingtonpost.com
2,Célestine,Klyner,Indonesia,17 Dryden Circle,jklyner1@tripadvisor.com
3,Eliès,Catherick,CH,5 New Castle Alley,mcatherick2@yale.edu
4,Audréanne,Taffurelli,FR,3750 Blue Bill Park Avenue,ftaffurelli3@hhs.gov
5,Léonie,Hallows,Indonesia,284 Moland Avenue,whallows4@wsj.com
6,Félicie,Writtle,Ukraine,318 Haas Circle,rwrittle5@digg.com
7,Dorothée,Tocque,Armenia,3 Hagan Point,jtocque6@woothemes.com
8,Pål,Dyshart,CH,43 Autumn Leaf Plaza,pdyshart7@usatoday.com
9,Lén,Polleye,CU,16340 La Follette Place,epolleye8@businessinsider.com
10,Maëlann,Bromont,Colombia,82359 Sommers Circle,abromont9@example.com
11,Léonore,Samme,CH,556 Arizona Terrace,wsammea@stumbleupon.com
12,Laurélie,Filyaev,CH,9 Eggendart Road,bfilyaevb@scribd.com
13,Séverine,Heathcoat,BR,1602 Welch Way,jheathcoatc@wisc.edu
14,Maëlann,Wilden,Indonesia,737 Truax Junction,hwildend@mozilla.org
15,Hélèna,Brooke,Portugal,1068 Sherman Crossing,tbrookee@icio.us
16,Irène,Whittuck,CH,9630 Clarendon Court,kwhittuckf@drupal.org
17,Anaëlle,Trengrouse,Philippines,898 Homewood Trail,otrengrouseg@dion.ne.jp
18,Léone,Frangello,Argentina,92 Bartelt Trail,dfrangelloh@examiner.com
19,Gérald,Dwelling,CH,21 Brown Center,jdwellingi@phoca.cz
20,Miléna,Thams,CH,85049 Forest Run Court,athamsj@marketwatch.com
21,Cécile,Epps,Sweden,6058 Dwight Crossing,teppsk@canalblog.com
22,Maëlann,Clavering,BR,29120 David Road,bclaveringl@china.com.cn
23,Loïca,Leaney,CH,68 Holy Cross Hill,eleaneym@usnews.com
24,Irène,Fishley,Cyprus,4429 Anzinger Terrace,afishleyn@imageshack.us
25,Wá,Cormack,Cambodia,0284 Anthes Park,tcormacko@dedecms.com
26,Bénédicte,Touzey,Philippines,859 Maryland Alley,atouzeyp@google.ru
27,Adélaïde,Grange,Mongolia,6 Anniversary Trail,egrangeq@accuweather.com
28,Dù,Castanaga,Philippines,09 Harper Pass,lcastanagar@howstuffworks.com
29,Noémie,Simonian,Czech Republic,99 Morningstar Place,bsimonians@amazon.de
30,Magdalène,Yglesias,CH,86431 Messerschmidt Terrace,gyglesiast@istockphoto.com
31,Adélie,Wyman,Indonesia,65 Walton Road,dwymanu@infoseek.co.jp
32,Véronique,Glisenan,Central African Republic,5 Arizona Crossing,eglisenanv@technorati.com
33,Cinéma,Husk,Russia,33 Golf View Lane,zhuskw@booking.com
34,Almérinda,Minihane,Sweden,5 Golf Drive,pminihanex@webeden.co.uk
35,Mahélie,Tidder,Nigeria,56 Delaware Trail,ftiddery@dyndns.org
36,Célia,Sherlaw,CH,0149 School Plaza,msherlawz@tmall.com
37,Yóu,Lerven,Lithuania,2 Scoville Road,elerven10@amazon.co.uk
38,Gérald,Gossipin,Canada,084 Bultman Trail,sgossipin11@bizjournals.com
39,Zhì,Currao,Ukraine,5702 Superior Park,scurrao12@freewebs.com
40,Séverine,Oboy,Thailand,96555 Dixon Plaza,eoboy13@paypal.com
41,Mélanie,Twelftree,CH,02960 Sachtjen Alley,ptwelftree14@newsvine.com
42,Océane,Snepp,Greece,33 Butternut Circle,csnepp15@sourceforge.net
43,Danièle,McEnteggart,Nigeria,52 Saint Paul Place,omcenteggart16@imdb.com
44,Pélagie,Arlow,BR,0 Briar Crest Pass,harlow17@netlog.com
45,Marylène,Duddy,Portugal,485 Delladonna Terrace,oduddy18@samsung.com
46,Frédérique,Harrington,Philippines,48 Eliot Trail,lharrington19@google.com.br
47,Yú,Godfrey,Vietnam,4346 Troy Place,mgodfrey1a@unicef.org
48,Agnès,Batha,Indonesia,93 Monterey Place,kbatha1b@yandex.ru
49,Göran,Tomasini,CH,38416 Rockefeller Drive,ntomasini1c@soup.io
50,Thérèsa,Linton,Serbia,55 Granby Street,nlinton1d@nifty.com
51,Anaël,Drife,Croatia,7 Hollow Ridge Parkway,ldrife1e@ocn.ne.jp
52,Bérengère,Cicccitti,Sweden,3 Linden Street,ccicccitti1f@multiply.com
53,Faîtes,Sackey,CH,4046 Di Loreto Terrace,nsackey1g@dropbox.com
54,Anaëlle,Tenby,Serbia,0 Hagan Park,mtenby1h@ibm.com
55,Marie-hélène,Lukasen,Peru,3224 Mcguire Hill,alukasen1i@ox.ac.uk
56,Méthode,Boddymead,United States,4 North Road,lboddymead1j@sphinn.com
57,Erwéi,Berthouloume,Canada,54 Shasta Place,jberthouloume1k@last.fm
58,Maïly,Rospars,Bulgaria,226 Chive Lane,brospars1l@studiopress.com
59,Frédérique,Itzhayek,Malaysia,9495 Sutherland Circle,bitzhayek1m@bloomberg.com
60,Céline,Scorrer,Poland,059 Schlimgen Park,lscorrer1n@ucsd.edu
61,Crééz,Broschek,Indonesia,33 Autumn Leaf Parkway,sbroschek1o@dailymail.co.uk
62,Maïly,Bourthouloume,CH,10 Maywood Place,rbourthouloume1p@squidoo.com
63,Médiamass,Avramovic,Vietnam,69294 Bluestem Way,davramovic1q@1688.com
64,Vénus,Phettis,CH,27 Iowa Way,bphettis1r@mapquest.com
65,Lyséa,Marzele,South Africa,23160 Schiller Plaza,jmarzele1s@blogger.com
66,Faîtes,Singyard,Albania,48 Dexter Center,ksingyard1t@tinypic.com
67,Sòng,Moules,CH,68103 Bultman Way,amoules1u@unc.edu
68,Valérie,Trownson,South Africa,7 Logan Drive,strownson1v@flickr.com
69,Maï,Thickett,Tanzania,328 Anzinger Way,dthickett1w@360.cn
70,Béatrice,Livzey,CH,12421 Farwell Avenue,llivzey1x@biblegateway.com
71,Lóng,Brockbank,CH,2710 Red Cloud Lane,obrockbank1y@java.com
72,Adélie,Highton,CH,764 David Way,ehighton1z@deliciousdays.com
73,Mélinda,Wooderson,Philippines,26 Coleman Way,swooderson20@ehow.com
74,Méng,Greenlies,BR,2 Derek Pass,rgreenlies21@storify.com
75,Angélique,Featherstonhalgh,CH,65 Barby Place,kfeatherstonhalgh22@ehow.com
76,Céline,Skettles,CH,59105 Derek Trail,cskettles23@youku.com
77,Marie-noël,Rippon,CH,53 Debs Plaza,mrippon24@imgur.com
78,Aurélie,Greystoke,Indonesia,70 Ridgeway Crossing,ggreystoke25@elpais.com
79,Béatrice,Hugnin,Poland,5885 Northfield Drive,shugnin26@noaa.gov
80,Ráo,Baroch,Philippines,96247 Bartelt Plaza,kbaroch27@booking.com
81,Yè,Crame,Italy,9 Hintze Pass,mcrame28@wired.com
82,Maïlys,Corton,FR,182 Stoughton Junction,scorton29@pbs.org
83,Laurène,Farady,CH,42 Southridge Trail,nfarady2a@bbb.org
84,Mélanie,Bow,Poland,76 Scott Plaza,sbow2b@163.com
85,Simplifiés,Gerran,United States,264 Monterey Junction,ggerran2c@utexas.edu
86,Jú,Docherty,United States,3 Aberg Crossing,cdocherty2d@furl.net
87,Fèi,Togwell,CH,73 Fallview Plaza,btogwell2e@hud.gov
88,Gösta,Sweatland,Uganda,6537 Division Place,osweatland2f@ustream.tv
89,Amélie,Moffet,Peru,983 Cascade Trail,cmoffet2g@biglobe.ne.jp
90,Erwéi,Stuchburie,CH,09185 Fordem Alley,ostuchburie2h@acquirethisname.com
91,Måns,Heskey,Kyrgyzstan,34656 Cascade Lane,aheskey2i@hugedomains.com
92,Sélène,Sprott,Finland,18 Texas Drive,asprott2j@g.co
93,Véronique,Tonge,North Korea,488 Del Sol Parkway,dtonge2k@t.co
94,Joséphine,Treuge,BR,6543 Jackson Parkway,btreuge2l@state.tx.us
95,Thérèse,Commucci,Papua New Guinea,0 Miller Road,gcommucci2m@buzzfeed.com
96,Bénédicte,Bampforth,Portugal,5 Blaine Road,cbampforth2n@imageshack.us
97,Cinéma,Blemen,Russia,03 Bonner Terrace,eblemen2o@yolasite.com
98,Pélagie,Buttwell,CH,12 Northwestern Trail,mbuttwell2p@cpanel.net
99,Loïc,Poundford,BR,785 Anzinger Trail,npoundford2q@w3.org
100,Cléa,Aseef,Philippines,55254 Talmadge Junction,baseef2r@walmart.com
101,Léane,Pfeiffer,Russia,76571 Vernon Hill,ypfeiffer2s@about.me
102,Kù,Ruselin,Ukraine,23 Nevada Trail,mruselin2t@harvard.edu
103,Rachèle,Stickney,Yemen,8134 Maple Wood Hill,bstickney2u@nyu.edu
104,Andrée,Sandison,CH,622 Dovetail Street,ksandison2v@cnn.com
105,Rachèle,Crush,Ethiopia,6348 Comanche Street,ccrush2w@nasa.gov
106,Östen,Skocroft,Bolivia,06 Colorado Way,rskocroft2x@zdnet.com
107,Illustrée,Vanne,Kiribati,77 Alpine Terrace,wvanne2y@techcrunch.com
108,Véronique,Bernardes,FR,20628 Old Gate Parkway,hbernardes2z@mayoclinic.com
109,Illustrée,Benne,Sweden,0 Gina Drive,rbenne30@indiegogo.com
110,Laïla,Wollers,Malaysia,062 Algoma Court,lwollers31@tuttocitta.it
111,Torbjörn,Bust,Philippines,6 School Plaza,cbust32@cargocollective.com
112,Maïlis,Challis,Indonesia,2 Clyde Gallagher Court,mchallis33@imdb.com
113,Mégane,Sanderson,Indonesia,067 Mesta Road,hsanderson34@latimes.com
114,Miléna,Goudie,United Kingdom,73 Green Ridge Hill,vgoudie35@constantcontact.com
115,Irène,Adelman,Argentina,6942 Mosinee Hill,dadelman36@histats.com
116,Cécilia,Crossland,Indonesia,0487 Tennyson Place,ocrossland37@ebay.com
117,Lén,Clacson,Ukraine,360 Mayer Drive,mclacson38@sitemeter.com
118,Mårten,Badcock,Armenia,6 Orin Place,kbadcock39@issuu.com
119,Pål,Varley,Indonesia,5 Arapahoe Place,avarley3a@desdev.cn
120,Publicité,Caplan,FR,3 Hallows Road,lcaplan3b@fda.gov
121,Märta,Rugge,CU,90940 Roxbury Road,drugge3c@ox.ac.uk
122,Léone,Flanne,Ecuador,5 Sheridan Plaza,kflanne3d@wired.com
123,Jú,De Beneditti,Russia,8119 Raven Center,bdebeneditti3e@ted.com
124,Yú,Keaves,Portugal,423 Spenser Alley,akeaves3f@chicagotribune.com
125,Estève,Spilling,Uganda,9675 Morrow Point,mspilling3g@imageshack.us
126,Cloé,Goldthorpe,Israel,63986 Schlimgen Road,ngoldthorpe3h@sina.com.cn
127,Joséphine,Hessenthaler,Philippines,23 Claremont Drive,chessenthaler3i@feedburner.com
128,Eléonore,Hadwick,Poland,5 Declaration Circle,khadwick3j@pagesperso-orange.fr
129,Laurélie,Adamo,Armenia,51466 Bobwhite Point,radamo3k@weather.com
130,Åslög,Edwicker,Costa Rica,258 Nova Alley,gedwicker3l@tiny.cc
131,Réjane,Pryke,Nigeria,79406 Miller Pass,hpryke3m@berkeley.edu
132,Méghane,Seson,Costa Rica,07420 Johnson Drive,gseson3n@nytimes.com
133,Maïwenn,Broadstock,Poland,4325 Elgar Point,obroadstock3o@mozilla.org
134,Gisèle,Aitken,Philippines,179 Gulseth Junction,maitken3p@ameblo.jp
135,Cécilia,Stert,Bosnia and Herzegovina,56 Londonderry Road,astert3q@aboutads.info
136,Méthode,McFarlane,Philippines,5578 Darwin Circle,kmcfarlane3r@imageshack.us
137,Célestine,Itzhaki,Indonesia,71 Macpherson Way,zitzhaki3s@tripod.com
138,Intéressant,Rossborough,CH,1359 Gerald Crossing,arossborough3t@bloglines.com
139,Françoise,Minshaw,Kazakhstan,369 Colorado Place,bminshaw3u@toplist.cz
140,Östen,Fairlamb,BR,40936 Lighthouse Bay Park,hfairlamb3v@uol.com.br
141,Noëlla,Cosgrave,CH,7868 Gerald Plaza,lcosgrave3w@youtu.be
142,Anaïs,Vile,Mexico,4 Swallow Pass,lvile3x@ed.gov
143,Gaëlle,Python,CH,50 Declaration Street,dpython3y@illinois.edu
144,Géraldine,Parfitt,Mozambique,95 Hoepker Way,tparfitt3z@oracle.com
145,Aí,Bolens,Russia,722 Green Ridge Road,rbolens40@netlog.com
146,Bérénice,Sture,Vietnam,32 Fulton Court,asture41@phoca.cz
147,Mélys,Carabet,BR,340 Golf Center,gcarabet42@reverbnation.com
148,Dà,Taggart,Czech Republic,7 Manitowish Hill,ttaggart43@hhs.gov
149,Ráo,Cradick,Japan,82547 Bluestem Road,mcradick44@dropbox.com
150,Gaëlle,Lyle,BR,41 Di Loreto Point,ilyle45@npr.org
151,Léana,Klossek,Poland,54 Menomonie Center,kklossek46@biblegateway.com
152,Björn,Skillern,Philippines,23 Roxbury Plaza,oskillern47@xinhuanet.com
